algorithm,length,t,comps,swaps
insertionsort3,10,3.2901403028517964e-05,65.0,7.4
insertionsort3,20,7.676999666728079e-05,230.0,14.9
insertionsort3,30,0.00015685800171922893,495.0,26.8
insertionsort3,40,0.0002578966988949105,860.0,35.9
insertionsort3,50,0.0003836832998786122,1325.0,44.6
insertionsort3,60,0.0005565528030274436,1890.0,55.5
insertionsort3,70,0.0007513664022553712,2555.0,65.6
insertionsort3,80,0.0009328498999821022,3320.0,74.8
insertionsort3,90,0.0011611117981374264,4185.0,84.8
